"Name","batch_size","mean_regret","env_id","memory_size","dynamic_rate","seed","_wandb"
"conbandit_combi1_0__5__2025-06-18_16-13","200","116.7113265991211","NNBandit-v0","2000","200","5",""
"conbandit_combi1_0__4__2025-06-18_16-13","200","193.39141845703125","NNBandit-v0","2000","200","4",""
"conbandit_combi1_0__3__2025-06-18_16-13","200","180.22970581054688","NNBandit-v0","2000","200","3",""
"conbandit_combi1_0__2__2025-06-18_16-13","200","115.97460174560548","NNBandit-v0","2000","200","2",""
"conbandit_combi1_0__1__2025-06-18_16-12","200","70.38290405273438","NNBandit-v0","2000","200","1",""
"conbandit_combi1_0__0__2025-06-18_16-12","200","64.32905578613281","NNBandit-v0","2000","200","0",""
"conbandit_combi1_0__5__2025-06-18_16-12","200","116.65258026123048","NNBandit-v0","1500","200","5",""
"conbandit_combi1_0__4__2025-06-18_16-12","200","193.36065673828125","NNBandit-v0","1500","200","4",""
"conbandit_combi1_0__3__2025-06-18_16-11","200","180.15228271484375","NNBandit-v0","1500","200","3",""
"conbandit_combi1_0__2__2025-06-18_16-11","200","116.2051773071289","NNBandit-v0","1500","200","2",""
"conbandit_combi1_0__1__2025-06-18_16-11","200","70.38290405273438","NNBandit-v0","1500","200","1",""
"conbandit_combi1_0__0__2025-06-18_16-11","200","64.32905578613281","NNBandit-v0","1500","200","0",""
"conbandit_combi1_0__5__2025-06-18_16-10","200","115.78797149658205","NNBandit-v0","1000","200","5",""
"conbandit_combi1_0__4__2025-06-18_16-10","200","190.4837188720703","NNBandit-v0","1000","200","4",""
"conbandit_combi1_0__3__2025-06-18_16-10","200","178.70565795898438","NNBandit-v0","1000","200","3",""
"conbandit_combi1_0__2__2025-06-18_16-09","200","115.84955596923828","NNBandit-v0","1000","200","2",""
"conbandit_combi1_0__1__2025-06-18_16-09","200","70.38290405273438","NNBandit-v0","1000","200","1",""
"conbandit_combi1_0__0__2025-06-18_16-09","200","64.25977325439453","NNBandit-v0","1000","200","0",""
"conbandit_combi1_0__5__2025-06-18_16-09","200","114.1802215576172","NNBandit-v0","500","200","5",""
"conbandit_combi1_0__4__2025-06-18_16-08","200","186.3274078369141","NNBandit-v0","500","200","4",""
"conbandit_combi1_0__3__2025-06-18_16-08","200","175.32003784179688","NNBandit-v0","500","200","3",""
"conbandit_combi1_0__2__2025-06-18_16-08","200","114.99606323242188","NNBandit-v0","500","200","2",""
"conbandit_combi1_0__1__2025-06-18_16-08","200","70.39693450927734","NNBandit-v0","500","200","1",""
"conbandit_combi1_0__0__2025-06-18_16-07","200","64.2481918334961","NNBandit-v0","500","200","0",""
"conbandit_combi1_0__5__2025-06-18_16-07","200","306.30991405865586","ContextualBandit-v2","2000","200","5",""
"conbandit_combi1_0__4__2025-06-18_16-07","200","264.34010654386725","ContextualBandit-v2","2000","200","4",""
"conbandit_combi1_0__3__2025-06-18_16-07","200","268.4990124922443","ContextualBandit-v2","2000","200","3",""
"conbandit_combi1_0__2__2025-06-18_16-06","200","304.9781457814801","ContextualBandit-v2","2000","200","2",""
"conbandit_combi1_0__1__2025-06-18_16-06","200","236.11230159245156","ContextualBandit-v2","2000","200","1",""
"conbandit_combi1_0__0__2025-06-18_16-06","200","182.88509048072953","ContextualBandit-v2","2000","200","0",""
"conbandit_combi1_0__5__2025-06-18_16-06","200","306.60661870471216","ContextualBandit-v2","1500","200","5",""
"conbandit_combi1_0__4__2025-06-18_16-05","200","266.04189233698753","ContextualBandit-v2","1500","200","4",""
"conbandit_combi1_0__3__2025-06-18_16-05","200","268.6448510509617","ContextualBandit-v2","1500","200","3",""
"conbandit_combi1_0__2__2025-06-18_16-05","200","304.9575296583796","ContextualBandit-v2","1500","200","2",""
"conbandit_combi1_0__1__2025-06-18_16-05","200","237.28569792007065","ContextualBandit-v2","1500","200","1",""
"conbandit_combi1_0__0__2025-06-18_16-04","200","181.98585773668452","ContextualBandit-v2","1500","200","0",""
"conbandit_combi1_0__5__2025-06-18_16-04","200","304.78251714023446","ContextualBandit-v2","1000","200","5",""
"conbandit_combi1_0__4__2025-06-18_16-04","200","253.9001260335984","ContextualBandit-v2","1000","200","4",""
"conbandit_combi1_0__3__2025-06-18_16-04","200","265.0183550131041","ContextualBandit-v2","1000","200","3",""
"conbandit_combi1_0__2__2025-06-18_16-03","200","306.0968489081612","ContextualBandit-v2","1000","200","2",""
"conbandit_combi1_0__1__2025-06-18_16-03","200","248.42616297019825","ContextualBandit-v2","1000","200","1",""
"conbandit_combi1_0__0__2025-06-18_16-03","200","190.43445728548568","ContextualBandit-v2","1000","200","0",""
"conbandit_combi1_0__5__2025-06-18_16-03","200","322.4740854618379","ContextualBandit-v2","500","200","5",""
"conbandit_combi1_0__4__2025-06-18_16-02","200","251.91836773453005","ContextualBandit-v2","500","200","4",""
"conbandit_combi1_0__3__2025-06-18_16-02","200","275.6366675941303","ContextualBandit-v2","500","200","3",""
"conbandit_combi1_0__2__2025-06-18_16-02","200","292.56971994930984","ContextualBandit-v2","500","200","2",""
"conbandit_combi1_0__1__2025-06-18_16-01","200","228.76196322085212","ContextualBandit-v2","500","200","1",""
"conbandit_combi1_0__0__2025-06-18_16-01","200","219.18629966944712","ContextualBandit-v2","500","200","0",""
"conbandit_combi1_0__5__2025-06-18_15-48","100","96.71517944335938","NNBandit-v0","2000","200","5",""
"conbandit_combi1_0__4__2025-06-18_15-48","100","95.00904846191406","NNBandit-v0","2000","200","4",""
"conbandit_combi1_0__3__2025-06-18_15-48","100","141.18270874023438","NNBandit-v0","2000","200","3",""
"conbandit_combi1_0__2__2025-06-18_15-48","100","94.73084259033205","NNBandit-v0","2000","200","2",""
"conbandit_combi1_0__1__2025-06-18_15-47","100","40.12321090698242","NNBandit-v0","2000","200","1",""
"conbandit_combi1_0__0__2025-06-18_15-47","100","45.96434783935547","NNBandit-v0","2000","200","0",""
"conbandit_combi1_0__5__2025-06-18_15-47","100","96.57888793945312","NNBandit-v0","1500","200","5",""
"conbandit_combi1_0__4__2025-06-18_15-47","100","95.01750946044922","NNBandit-v0","1500","200","4",""
"conbandit_combi1_0__3__2025-06-18_15-46","100","141.17868041992188","NNBandit-v0","1500","200","3",""
"conbandit_combi1_0__2__2025-06-18_15-46","100","94.7113265991211","NNBandit-v0","1500","200","2",""
"conbandit_combi1_0__1__2025-06-18_15-46","100","40.12321090698242","NNBandit-v0","1500","200","1",""
"conbandit_combi1_0__0__2025-06-18_15-46","100","45.96434783935547","NNBandit-v0","1500","200","0",""
"conbandit_combi1_0__5__2025-06-18_15-45","100","93.3663558959961","NNBandit-v0","1000","200","5",""
"conbandit_combi1_0__4__2025-06-18_15-45","100","94.18074798583984","NNBandit-v0","1000","200","4",""
"conbandit_combi1_0__3__2025-06-18_15-45","100","137.24559020996094","NNBandit-v0","1000","200","3",""
"conbandit_combi1_0__2__2025-06-18_15-44","100","94.36288452148438","NNBandit-v0","1000","200","2",""
"conbandit_combi1_0__1__2025-06-18_15-44","100","40.12321090698242","NNBandit-v0","1000","200","1",""
"conbandit_combi1_0__0__2025-06-18_15-44","100","46.16839218139648","NNBandit-v0","1000","200","0",""
"conbandit_combi1_0__5__2025-06-18_15-43","100","83.42192077636719","NNBandit-v0","500","200","5",""
"conbandit_combi1_0__4__2025-06-18_15-43","100","93.0666046142578","NNBandit-v0","500","200","4",""
"conbandit_combi1_0__3__2025-06-18_15-43","100","125.4100112915039","NNBandit-v0","500","200","3",""
"conbandit_combi1_0__2__2025-06-18_15-42","100","90.9782485961914","NNBandit-v0","500","200","2",""
"conbandit_combi1_0__1__2025-06-18_15-42","100","40.109134674072266","NNBandit-v0","500","200","1",""
"conbandit_combi1_0__0__2025-06-18_15-42","100","45.63185119628906","NNBandit-v0","500","200","0",""
"conbandit_combi1_0__5__2025-06-18_15-41","100","276.5611999084273","ContextualBandit-v2","2000","200","5",""
"conbandit_combi1_0__4__2025-06-18_15-41","100","250.57564382470173","ContextualBandit-v2","2000","200","4",""
"conbandit_combi1_0__3__2025-06-18_15-41","100","321.1065240178419","ContextualBandit-v2","2000","200","3",""
"conbandit_combi1_0__2__2025-06-18_15-40","100","279.9786033421188","ContextualBandit-v2","2000","200","2",""
"conbandit_combi1_0__1__2025-06-18_15-40","100","214.1099685399819","ContextualBandit-v2","2000","200","1",""
"conbandit_combi1_0__0__2025-06-18_15-39","100","213.0773768281035","ContextualBandit-v2","2000","200","0",""
"conbandit_combi1_0__5__2025-06-18_15-39","100","277.27015805558005","ContextualBandit-v2","1500","200","5",""
"conbandit_combi1_0__4__2025-06-18_15-39","100","250.993195037162","ContextualBandit-v2","1500","200","4",""
"conbandit_combi1_0__3__2025-06-18_15-39","100","321.1083941395027","ContextualBandit-v2","1500","200","3",""
"conbandit_combi1_0__2__2025-06-18_15-38","100","279.4038647958289","ContextualBandit-v2","1500","200","2",""
"conbandit_combi1_0__1__2025-06-18_15-38","100","214.40446016739975","ContextualBandit-v2","1500","200","1",""
"conbandit_combi1_0__0__2025-06-18_15-38","100","212.9323417160285","ContextualBandit-v2","1500","200","0",""
"conbandit_combi1_0__5__2025-06-18_15-37","100","277.32489595057916","ContextualBandit-v2","1000","200","5",""
"conbandit_combi1_0__4__2025-06-18_15-37","100","253.14937970600425","ContextualBandit-v2","1000","200","4",""
"conbandit_combi1_0__3__2025-06-18_15-37","100","325.87986966148344","ContextualBandit-v2","1000","200","3",""
"conbandit_combi1_0__2__2025-06-18_15-37","100","288.4842620843298","ContextualBandit-v2","1000","200","2",""
"conbandit_combi1_0__1__2025-06-18_15-36","100","216.23955465034575","ContextualBandit-v2","1000","200","1",""
"conbandit_combi1_0__0__2025-06-18_15-36","100","228.8468759370097","ContextualBandit-v2","1000","200","0",""
"conbandit_combi1_0__5__2025-06-18_15-36","100","284.784385587936","ContextualBandit-v2","500","200","5",""
"conbandit_combi1_0__4__2025-06-18_15-36","100","253.30874763332653","ContextualBandit-v2","500","200","4",""
"conbandit_combi1_0__3__2025-06-18_15-35","100","321.80396407802425","ContextualBandit-v2","500","200","3",""
"conbandit_combi1_0__2__2025-06-18_15-35","100","297.8588208486924","ContextualBandit-v2","500","200","2",""
"conbandit_combi1_0__1__2025-06-18_15-35","100","204.95697801661652","ContextualBandit-v2","500","200","1",""
"conbandit_combi1_0__0__2025-06-18_15-35","100","234.0259973814727","ContextualBandit-v2","500","200","0",""
"conbandit_combi1_0__5__2025-06-18_15-22","50","112.71025848388672","NNBandit-v0","2000","200","5",""
"conbandit_combi1_0__4__2025-06-18_15-21","50","65.74085998535156","NNBandit-v0","2000","200","4",""
"conbandit_combi1_0__3__2025-06-18_15-21","50","112.77576446533205","NNBandit-v0","2000","200","3",""
"conbandit_combi1_0__2__2025-06-18_15-21","50","92.17472839355467","NNBandit-v0","2000","200","2",""
"conbandit_combi1_0__1__2025-06-18_15-21","50","27.979808807373047","NNBandit-v0","2000","200","1",""
"conbandit_combi1_0__0__2025-06-18_15-20","50","38.367164611816406","NNBandit-v0","2000","200","0",""
"conbandit_combi1_0__5__2025-06-18_15-20","50","112.66205596923828","NNBandit-v0","1500","200","5",""
"conbandit_combi1_0__4__2025-06-18_15-20","50","65.72185516357422","NNBandit-v0","1500","200","4",""
"conbandit_combi1_0__3__2025-06-18_15-20","50","112.50711059570312","NNBandit-v0","1500","200","3",""
"conbandit_combi1_0__2__2025-06-18_15-19","50","92.16415405273438","NNBandit-v0","1500","200","2",""
"conbandit_combi1_0__1__2025-06-18_15-19","50","27.979808807373047","NNBandit-v0","1500","200","1",""
"conbandit_combi1_0__0__2025-06-18_15-19","50","38.367164611816406","NNBandit-v0","1500","200","0",""
"conbandit_combi1_0__5__2025-06-18_15-19","50","106.24337768554688","NNBandit-v0","1000","200","5",""
"conbandit_combi1_0__4__2025-06-18_15-18","50","65.37299346923828","NNBandit-v0","1000","200","4",""
"conbandit_combi1_0__3__2025-06-18_15-18","50","108.67557525634766","NNBandit-v0","1000","200","3",""
"conbandit_combi1_0__2__2025-06-18_15-18","50","91.92390441894533","NNBandit-v0","1000","200","2",""
"conbandit_combi1_0__1__2025-06-18_15-17","50","27.979808807373047","NNBandit-v0","1000","200","1",""
"conbandit_combi1_0__0__2025-06-18_15-17","50","38.31571960449219","NNBandit-v0","1000","200","0",""
"conbandit_combi1_0__5__2025-06-18_15-17","50","69.37220001220703","NNBandit-v0","500","200","5",""
"conbandit_combi1_0__4__2025-06-18_15-17","50","64.79690551757812","NNBandit-v0","500","200","4",""
"conbandit_combi1_0__3__2025-06-18_15-16","50","100.00906372070312","NNBandit-v0","500","200","3",""
"conbandit_combi1_0__2__2025-06-18_15-16","50","89.50369262695312","NNBandit-v0","500","200","2",""
"conbandit_combi1_0__1__2025-06-18_15-16","50","27.975902557373047","NNBandit-v0","500","200","1",""
"conbandit_combi1_0__0__2025-06-18_15-16","50","37.972171783447266","NNBandit-v0","500","200","0",""
"conbandit_combi1_0__5__2025-06-18_15-15","50","266.2089834277284","ContextualBandit-v2","2000","200","5",""
"conbandit_combi1_0__4__2025-06-18_15-15","50","248.3239149059735","ContextualBandit-v2","2000","200","4",""
"conbandit_combi1_0__3__2025-06-18_15-15","50","298.7598196148878","ContextualBandit-v2","2000","200","3",""
"conbandit_combi1_0__2__2025-06-18_15-15","50","269.383401862161","ContextualBandit-v2","2000","200","2",""
"conbandit_combi1_0__1__2025-06-18_15-14","50","224.2687590138354","ContextualBandit-v2","2000","200","1",""
"conbandit_combi1_0__0__2025-06-18_15-14","50","208.8611286161685","ContextualBandit-v2","2000","200","0",""
"conbandit_combi1_0__5__2025-06-18_15-14","50","265.77427400407925","ContextualBandit-v2","1500","200","5",""
"conbandit_combi1_0__4__2025-06-18_15-13","50","249.99745040196373","ContextualBandit-v2","1500","200","4",""
"conbandit_combi1_0__3__2025-06-18_15-13","50","298.6310743758946","ContextualBandit-v2","1500","200","3",""
"conbandit_combi1_0__2__2025-06-18_15-13","50","268.09542752133217","ContextualBandit-v2","1500","200","2",""
"conbandit_combi1_0__1__2025-06-18_15-13","50","224.33308768181357","ContextualBandit-v2","1500","200","1",""
"conbandit_combi1_0__0__2025-06-18_15-12","50","209.04840534210803","ContextualBandit-v2","1500","200","0",""
"conbandit_combi1_0__5__2025-06-18_15-12","50","265.4170201419797","ContextualBandit-v2","1000","200","5",""
"conbandit_combi1_0__4__2025-06-18_15-12","50","248.55396621466664","ContextualBandit-v2","1000","200","4",""
"conbandit_combi1_0__3__2025-06-18_15-12","50","310.1786228230235","ContextualBandit-v2","1000","200","3",""
"conbandit_combi1_0__2__2025-06-18_15-11","50","271.2432719655146","ContextualBandit-v2","1000","200","2",""
"conbandit_combi1_0__1__2025-06-18_15-11","50","225.32540693155076","ContextualBandit-v2","1000","200","1",""
"conbandit_combi1_0__0__2025-06-18_15-11","50","226.46579382557377","ContextualBandit-v2","1000","200","0",""
"conbandit_combi1_0__5__2025-06-18_15-10","50","285.762725704698","ContextualBandit-v2","500","200","5",""
"conbandit_combi1_0__4__2025-06-18_15-10","50","253.5603704715544","ContextualBandit-v2","500","200","4",""
"conbandit_combi1_0__3__2025-06-18_15-10","50","308.8562727451003","ContextualBandit-v2","500","200","3",""
"conbandit_combi1_0__2__2025-06-18_15-10","50","283.17765560059564","ContextualBandit-v2","500","200","2",""
"conbandit_combi1_0__1__2025-06-18_15-09","50","210.5111618558602","ContextualBandit-v2","500","200","1",""
"conbandit_combi1_0__0__2025-06-18_15-09","50","215.70500314843295","ContextualBandit-v2","500","200","0",""
"conbandit_combi1_0__5__2025-06-18_14-56","30","112.64596557617188","NNBandit-v0","2000","200","5",""
"conbandit_combi1_0__4__2025-06-18_14-56","30","49.874813079833984","NNBandit-v0","2000","200","4",""
"conbandit_combi1_0__3__2025-06-18_14-56","30","100.12674713134766","NNBandit-v0","2000","200","3",""
"conbandit_combi1_0__2__2025-06-18_14-56","30","139.53646850585938","NNBandit-v0","2000","200","2",""
"conbandit_combi1_0__1__2025-06-18_14-55","30","24.583452224731445","NNBandit-v0","2000","200","1",""
"conbandit_combi1_0__0__2025-06-18_14-55","30","36.594486236572266","NNBandit-v0","2000","200","0",""
"conbandit_combi1_0__5__2025-06-18_14-55","30","111.8814697265625","NNBandit-v0","1500","200","5",""
"conbandit_combi1_0__4__2025-06-18_14-55","30","49.90614700317383","NNBandit-v0","1500","200","4",""
"conbandit_combi1_0__3__2025-06-18_14-54","30","100.02774810791016","NNBandit-v0","1500","200","3",""
"conbandit_combi1_0__2__2025-06-18_14-54","30","139.6063995361328","NNBandit-v0","1500","200","2",""
"conbandit_combi1_0__1__2025-06-18_14-54","30","24.583452224731445","NNBandit-v0","1500","200","1",""
"conbandit_combi1_0__0__2025-06-18_14-53","30","36.594486236572266","NNBandit-v0","1500","200","0",""
"conbandit_combi1_0__5__2025-06-18_14-53","30","102.09087371826172","NNBandit-v0","1000","200","5",""
"conbandit_combi1_0__4__2025-06-18_14-53","30","49.67392349243164","NNBandit-v0","1000","200","4",""
"conbandit_combi1_0__3__2025-06-18_14-53","30","97.19349670410156","NNBandit-v0","1000","200","3",""
"conbandit_combi1_0__2__2025-06-18_14-53","30","135.76394653320312","NNBandit-v0","1000","200","2",""
"conbandit_combi1_0__1__2025-06-18_14-52","30","24.583452224731445","NNBandit-v0","1000","200","1",""
"conbandit_combi1_0__0__2025-06-18_14-52","30","36.913665771484375","NNBandit-v0","1000","200","0",""
"conbandit_combi1_0__5__2025-06-18_14-52","30","96.38500213623048","NNBandit-v0","500","200","5",""
"conbandit_combi1_0__4__2025-06-18_14-51","30","49.656951904296875","NNBandit-v0","500","200","4",""
"conbandit_combi1_0__3__2025-06-18_14-51","30","87.4775161743164","NNBandit-v0","500","200","3",""
"conbandit_combi1_0__2__2025-06-18_14-51","30","117.3644027709961","NNBandit-v0","500","200","2",""
"conbandit_combi1_0__1__2025-06-18_14-51","30","24.579545974731445","NNBandit-v0","500","200","1",""
"conbandit_combi1_0__0__2025-06-18_14-51","30","36.78858947753906","NNBandit-v0","500","200","0",""
"conbandit_combi1_0__5__2025-06-18_14-50","30","265.5834831146836","ContextualBandit-v2","2000","200","5",""
"conbandit_combi1_0__4__2025-06-18_14-50","30","244.6580791597461","ContextualBandit-v2","2000","200","4",""
"conbandit_combi1_0__3__2025-06-18_14-50","30","316.2233835201389","ContextualBandit-v2","2000","200","3",""
"conbandit_combi1_0__2__2025-06-18_14-49","30","399.7276068497236","ContextualBandit-v2","2000","200","2",""
"conbandit_combi1_0__1__2025-06-18_14-49","30","273.6360253213169","ContextualBandit-v2","2000","200","1",""
"conbandit_combi1_0__0__2025-06-18_14-49","30","191.19617748064007","ContextualBandit-v2","2000","200","0",""
"conbandit_combi1_0__5__2025-06-18_14-49","30","265.6026409214631","ContextualBandit-v2","1500","200","5",""
"conbandit_combi1_0__4__2025-06-18_14-48","30","244.99716827968015","ContextualBandit-v2","1500","200","4",""
"conbandit_combi1_0__3__2025-06-18_14-48","30","315.3484119925817","ContextualBandit-v2","1500","200","3",""
"conbandit_combi1_0__2__2025-06-18_14-48","30","397.2554726334181","ContextualBandit-v2","1500","200","2",""
"conbandit_combi1_0__1__2025-06-18_14-48","30","272.42041976973394","ContextualBandit-v2","1500","200","1",""
"conbandit_combi1_0__0__2025-06-18_14-47","30","188.37829335216537","ContextualBandit-v2","1500","200","0",""
"conbandit_combi1_0__5__2025-06-18_14-47","30","267.39332169099254","ContextualBandit-v2","1000","200","5",""
"conbandit_combi1_0__4__2025-06-18_14-47","30","243.75673877832492","ContextualBandit-v2","1000","200","4",""
"conbandit_combi1_0__3__2025-06-18_14-46","30","313.69540751178886","ContextualBandit-v2","1000","200","3",""
"conbandit_combi1_0__2__2025-06-18_14-46","30","396.7106726665017","ContextualBandit-v2","1000","200","2",""
"conbandit_combi1_0__1__2025-06-18_14-46","30","272.2729478107414","ContextualBandit-v2","1000","200","1",""
"conbandit_combi1_0__0__2025-06-18_14-46","30","188.06986821695227","ContextualBandit-v2","1000","200","0",""
"conbandit_combi1_0__5__2025-06-18_14-45","30","283.299759794021","ContextualBandit-v2","500","200","5",""
"conbandit_combi1_0__4__2025-06-18_14-45","30","197.3319902976246","ContextualBandit-v2","500","200","4",""
"conbandit_combi1_0__3__2025-06-18_14-45","30","298.9072502387591","ContextualBandit-v2","500","200","3",""
"conbandit_combi1_0__2__2025-06-18_14-45","30","386.3081117742178","ContextualBandit-v2","500","200","2",""
"conbandit_combi1_0__1__2025-06-18_14-44","30","249.77771219706693","ContextualBandit-v2","500","200","1",""
"conbandit_combi1_0__0__2025-06-18_14-44","30","193.73149539158908","ContextualBandit-v2","500","200","0",""
"conbandit_combi1_0__5__2025-06-18_14-31","20","58.0030517578125","NNBandit-v0","2000","200","5",""
"conbandit_combi1_0__4__2025-06-18_14-30","20","50.10758972167969","NNBandit-v0","2000","200","4",""
"conbandit_combi1_0__3__2025-06-18_14-30","20","95.38848876953124","NNBandit-v0","2000","200","3",""
"conbandit_combi1_0__2__2025-06-18_14-30","20","83.5201644897461","NNBandit-v0","2000","200","2",""
"conbandit_combi1_0__1__2025-06-18_14-30","20","24.812395095825195","NNBandit-v0","2000","200","1",""
"conbandit_combi1_0__0__2025-06-18_14-30","20","37.93212127685547","NNBandit-v0","2000","200","0",""
"conbandit_combi1_0__5__2025-06-18_14-29","20","57.66500473022461","NNBandit-v0","1500","200","5",""
"conbandit_combi1_0__4__2025-06-18_14-29","20","50.04338455200195","NNBandit-v0","1500","200","4",""
"conbandit_combi1_0__3__2025-06-18_14-29","20","95.40384674072266","NNBandit-v0","1500","200","3",""
"conbandit_combi1_0__2__2025-06-18_14-29","20","83.52476501464844","NNBandit-v0","1500","200","2",""
"conbandit_combi1_0__1__2025-06-18_14-28","20","24.812395095825195","NNBandit-v0","1500","200","1",""
"conbandit_combi1_0__0__2025-06-18_14-28","20","37.94783782958984","NNBandit-v0","1500","200","0",""
"conbandit_combi1_0__5__2025-06-18_14-28","20","55.39986038208008","NNBandit-v0","1000","200","5",""
"conbandit_combi1_0__4__2025-06-18_14-28","20","49.98349380493164","NNBandit-v0","1000","200","4",""
"conbandit_combi1_0__3__2025-06-18_14-28","20","91.74714660644533","NNBandit-v0","1000","200","3",""
"conbandit_combi1_0__2__2025-06-18_14-27","20","83.09513854980469","NNBandit-v0","1000","200","2",""
"conbandit_combi1_0__1__2025-06-18_14-27","20","24.812395095825195","NNBandit-v0","1000","200","1",""
"conbandit_combi1_0__0__2025-06-18_14-27","20","37.95587539672851","NNBandit-v0","1000","200","0",""
"conbandit_combi1_0__5__2025-06-18_14-27","20","51.5848503112793","NNBandit-v0","500","200","5",""
"conbandit_combi1_0__4__2025-06-18_14-26","20","49.58741760253906","NNBandit-v0","500","200","4",""
"conbandit_combi1_0__3__2025-06-18_14-26","20","85.4966812133789","NNBandit-v0","500","200","3",""
"conbandit_combi1_0__2__2025-06-18_14-26","20","79.29440307617188","NNBandit-v0","500","200","2",""
"conbandit_combi1_0__1__2025-06-18_14-26","20","24.916616439819336","NNBandit-v0","500","200","1",""
"conbandit_combi1_0__0__2025-06-18_14-26","20","37.83284378051758","NNBandit-v0","500","200","0",""
"conbandit_combi1_0__5__2025-06-18_14-25","20","254.40265454709373","ContextualBandit-v2","2000","200","5",""
"conbandit_combi1_0__4__2025-06-18_14-25","20","235.15759673571057","ContextualBandit-v2","2000","200","4",""
"conbandit_combi1_0__3__2025-06-18_14-25","20","314.06265786211475","ContextualBandit-v2","2000","200","3",""
"conbandit_combi1_0__2__2025-06-18_14-25","20","393.245333778076","ContextualBandit-v2","2000","200","2",""
"conbandit_combi1_0__1__2025-06-18_14-24","20","213.10527804500745","ContextualBandit-v2","2000","200","1",""
"conbandit_combi1_0__0__2025-06-18_14-24","20","189.09817676244677","ContextualBandit-v2","2000","200","0",""
"conbandit_combi1_0__5__2025-06-18_14-24","20","255.28702090167045","ContextualBandit-v2","1500","200","5",""
"conbandit_combi1_0__4__2025-06-18_14-23","20","234.85204024306847","ContextualBandit-v2","1500","200","4",""
"conbandit_combi1_0__3__2025-06-18_14-23","20","314.21730267774956","ContextualBandit-v2","1500","200","3",""
"conbandit_combi1_0__2__2025-06-18_14-23","20","393.3504797086106","ContextualBandit-v2","1500","200","2",""
"conbandit_combi1_0__1__2025-06-18_14-23","20","210.83309510951025","ContextualBandit-v2","1500","200","1",""
"conbandit_combi1_0__0__2025-06-18_14-22","20","188.87742220985592","ContextualBandit-v2","1500","200","0",""
"conbandit_combi1_0__5__2025-06-18_14-22","20","253.01798136636907","ContextualBandit-v2","1000","200","5",""
"conbandit_combi1_0__4__2025-06-18_14-22","20","243.42420540418743","ContextualBandit-v2","1000","200","4",""
"conbandit_combi1_0__3__2025-06-18_14-22","20","312.61473639351965","ContextualBandit-v2","1000","200","3",""
"conbandit_combi1_0__2__2025-06-18_14-21","20","392.45598651415736","ContextualBandit-v2","1000","200","2",""
"conbandit_combi1_0__1__2025-06-18_14-21","20","216.6131431138779","ContextualBandit-v2","1000","200","1",""
"conbandit_combi1_0__0__2025-06-18_14-21","20","205.46904497925604","ContextualBandit-v2","1000","200","0",""
"conbandit_combi1_0__5__2025-06-18_14-21","20","274.3382839345825","ContextualBandit-v2","500","200","5",""
"conbandit_combi1_0__4__2025-06-18_14-20","20","197.63463463397912","ContextualBandit-v2","500","200","4",""
"conbandit_combi1_0__3__2025-06-18_14-20","20","324.15359296660756","ContextualBandit-v2","500","200","3",""
"conbandit_combi1_0__2__2025-06-18_14-20","20","366.7795007698097","ContextualBandit-v2","500","200","2",""
"conbandit_combi1_0__1__2025-06-18_14-20","20","195.41093050310573","ContextualBandit-v2","500","200","1",""
"conbandit_combi1_0__0__2025-06-18_14-19","20","199.03827343976107","ContextualBandit-v2","500","200","0",""
"conbandit_combi1_0__5__2025-06-18_14-07","10","65.34358215332031","NNBandit-v0","2000","200","5",""
"conbandit_combi1_0__4__2025-06-18_14-07","10","50.98937225341797","NNBandit-v0","2000","200","4",""
"conbandit_combi1_0__3__2025-06-18_14-07","10","104.65895080566406","NNBandit-v0","2000","200","3",""
"conbandit_combi1_0__2__2025-06-18_14-06","10","92.94232177734376","NNBandit-v0","2000","200","2",""
"conbandit_combi1_0__1__2025-06-18_14-06","10","20.185880661010746","NNBandit-v0","2000","200","1",""
"conbandit_combi1_0__0__2025-06-18_14-06","10","38.44451141357422","NNBandit-v0","2000","200","0",""
"conbandit_combi1_0__5__2025-06-18_14-06","10","65.04689025878906","NNBandit-v0","1500","200","5",""
"conbandit_combi1_0__4__2025-06-18_14-06","10","51.01240921020508","NNBandit-v0","1500","200","4",""
"conbandit_combi1_0__3__2025-06-18_14-05","10","104.59513092041016","NNBandit-v0","1500","200","3",""
"conbandit_combi1_0__2__2025-06-18_14-05","10","92.97779846191406","NNBandit-v0","1500","200","2",""
"conbandit_combi1_0__1__2025-06-18_14-05","10","20.185880661010746","NNBandit-v0","1500","200","1",""
"conbandit_combi1_0__0__2025-06-18_14-05","10","38.460227966308594","NNBandit-v0","1500","200","0",""
"conbandit_combi1_0__5__2025-06-18_14-05","10","63.046478271484375","NNBandit-v0","1000","200","5",""
"conbandit_combi1_0__4__2025-06-18_14-05","10","50.4360466003418","NNBandit-v0","1000","200","4",""
"conbandit_combi1_0__3__2025-06-18_14-04","10","99.47076416015624","NNBandit-v0","1000","200","3",""
"conbandit_combi1_0__2__2025-06-18_14-04","10","93.31967163085938","NNBandit-v0","1000","200","2",""
"conbandit_combi1_0__1__2025-06-18_14-04","10","20.185880661010746","NNBandit-v0","1000","200","1",""
"conbandit_combi1_0__0__2025-06-18_14-04","10","38.39668273925781","NNBandit-v0","1000","200","0",""
"conbandit_combi1_0__5__2025-06-18_14-04","10","50.78631210327149","NNBandit-v0","500","200","5",""
"conbandit_combi1_0__4__2025-06-18_14-03","10","49.71366882324219","NNBandit-v0","500","200","4",""
"conbandit_combi1_0__3__2025-06-18_14-03","10","90.41007995605467","NNBandit-v0","500","200","3",""
"conbandit_combi1_0__2__2025-06-18_14-03","10","83.63697052001953","NNBandit-v0","500","200","2",""
"conbandit_combi1_0__1__2025-06-18_14-03","10","20.209125518798828","NNBandit-v0","500","200","1",""
"conbandit_combi1_0__0__2025-06-18_14-03","10","38.178897857666016","NNBandit-v0","500","200","0",""
"conbandit_combi1_0__5__2025-06-18_14-02","10","241.75936549261357","ContextualBandit-v2","2000","200","5",""
"conbandit_combi1_0__4__2025-06-18_14-02","10","215.29560033881089","ContextualBandit-v2","2000","200","4",""
"conbandit_combi1_0__3__2025-06-18_14-02","10","323.5636837643971","ContextualBandit-v2","2000","200","3",""
"conbandit_combi1_0__2__2025-06-18_14-01","10","343.46260355290667","ContextualBandit-v2","2000","200","2",""
"conbandit_combi1_0__1__2025-06-18_14-01","10","281.0384082899222","ContextualBandit-v2","2000","200","1",""
"conbandit_combi1_0__0__2025-06-18_14-01","10","225.68766493651052","ContextualBandit-v2","2000","200","0",""
"conbandit_combi1_0__5__2025-06-18_14-01","10","242.31039016629737","ContextualBandit-v2","1500","200","5",""
"conbandit_combi1_0__4__2025-06-18_14-00","10","215.79363808581925","ContextualBandit-v2","1500","200","4",""
"conbandit_combi1_0__3__2025-06-18_14-00","10","322.6916272062715","ContextualBandit-v2","1500","200","3",""
"conbandit_combi1_0__2__2025-06-18_14-00","10","340.5369473584825","ContextualBandit-v2","1500","200","2",""
"conbandit_combi1_0__1__2025-06-18_14-00","10","280.44948242293293","ContextualBandit-v2","1500","200","1",""
"conbandit_combi1_0__0__2025-06-18_13-59","10","226.9200339246742","ContextualBandit-v2","1500","200","0",""
"conbandit_combi1_0__5__2025-06-18_13-59","10","248.54232541089783","ContextualBandit-v2","1000","200","5",""
"conbandit_combi1_0__4__2025-06-18_13-59","10","213.9271618990699","ContextualBandit-v2","1000","200","4",""
"conbandit_combi1_0__3__2025-06-18_13-59","10","319.6589952943528","ContextualBandit-v2","1000","200","3",""
"conbandit_combi1_0__2__2025-06-18_13-58","10","333.79899557671644","ContextualBandit-v2","1000","200","2",""
"conbandit_combi1_0__1__2025-06-18_13-58","10","281.89126334458115","ContextualBandit-v2","1000","200","1",""
"conbandit_combi1_0__0__2025-06-18_13-58","10","248.87708632482287","ContextualBandit-v2","1000","200","0",""
"conbandit_combi1_0__5__2025-06-18_13-58","10","237.94481025115616","ContextualBandit-v2","500","200","5",""
"conbandit_combi1_0__4__2025-06-18_13-57","10","261.9869589671628","ContextualBandit-v2","500","200","4",""
"conbandit_combi1_0__3__2025-06-18_13-57","10","311.1567382338604","ContextualBandit-v2","500","200","3",""
"conbandit_combi1_0__2__2025-06-18_13-57","10","353.77315762369756","ContextualBandit-v2","500","200","2",""
"conbandit_combi1_0__1__2025-06-18_13-57","10","268.72014397438875","ContextualBandit-v2","500","200","1",""
"conbandit_combi1_0__0__2025-06-18_13-56","10","228.4199378216007","ContextualBandit-v2","500","200","0",""
"conbandit_combi1_0__5__2025-06-18_13-45","5","67.59280395507812","NNBandit-v0","2000","200","5",""
"conbandit_combi1_0__4__2025-06-18_13-45","5","49.720272064208984","NNBandit-v0","2000","200","4",""
"conbandit_combi1_0__3__2025-06-18_13-45","5","112.75237274169922","NNBandit-v0","2000","200","3",""
"conbandit_combi1_0__2__2025-06-18_13-45","5","96.9579849243164","NNBandit-v0","2000","200","2",""
"conbandit_combi1_0__1__2025-06-18_13-44","5","20.83043670654297","NNBandit-v0","2000","200","1",""
"conbandit_combi1_0__0__2025-06-18_13-44","5","43.606224060058594","NNBandit-v0","2000","200","0",""
"conbandit_combi1_0__5__2025-06-18_13-44","5","67.09547424316406","NNBandit-v0","1500","200","5",""
"conbandit_combi1_0__4__2025-06-18_13-44","5","49.33643341064453","NNBandit-v0","1500","200","4",""
"conbandit_combi1_0__3__2025-06-18_13-44","5","112.5947036743164","NNBandit-v0","1500","200","3",""
"conbandit_combi1_0__2__2025-06-18_13-44","5","96.9664077758789","NNBandit-v0","1500","200","2",""
"conbandit_combi1_0__1__2025-06-18_13-43","5","20.83043670654297","NNBandit-v0","1500","200","1",""
"conbandit_combi1_0__0__2025-06-18_13-43","5","43.6219367980957","NNBandit-v0","1500","200","0",""
"conbandit_combi1_0__5__2025-06-18_13-43","5","64.13287353515625","NNBandit-v0","1000","200","5",""
"conbandit_combi1_0__4__2025-06-18_13-43","5","48.92314910888672","NNBandit-v0","1000","200","4",""
"conbandit_combi1_0__3__2025-06-18_13-43","5","106.91596221923828","NNBandit-v0","1000","200","3",""
"conbandit_combi1_0__2__2025-06-18_13-42","5","98.09573364257812","NNBandit-v0","1000","200","2",""
"conbandit_combi1_0__1__2025-06-18_13-42","5","20.82653045654297","NNBandit-v0","1000","200","1",""
"conbandit_combi1_0__0__2025-06-18_13-42","5","43.46763610839844","NNBandit-v0","1000","200","0",""
"conbandit_combi1_0__5__2025-06-18_13-42","5","54.21350860595703","NNBandit-v0","500","200","5",""
"conbandit_combi1_0__4__2025-06-18_13-42","5","48.82651138305664","NNBandit-v0","500","200","4",""
"conbandit_combi1_0__3__2025-06-18_13-41","5","96.64071655273438","NNBandit-v0","500","200","3",""
"conbandit_combi1_0__2__2025-06-18_13-41","5","87.62434387207031","NNBandit-v0","500","200","2",""
"conbandit_combi1_0__1__2025-06-18_13-41","5","20.853681564331055","NNBandit-v0","500","200","1",""
"conbandit_combi1_0__0__2025-06-18_13-41","5","43.26919937133789","NNBandit-v0","500","200","0",""
"conbandit_combi1_0__5__2025-06-18_13-41","5","259.34948664047613","ContextualBandit-v2","2000","200","5",""
"conbandit_combi1_0__4__2025-06-18_13-40","5","251.47741840508857","ContextualBandit-v2","2000","200","4",""
"conbandit_combi1_0__3__2025-06-18_13-40","5","327.06912529441144","ContextualBandit-v2","2000","200","3",""
"conbandit_combi1_0__2__2025-06-18_13-40","5","364.104506463781","ContextualBandit-v2","2000","200","2",""
"conbandit_combi1_0__1__2025-06-18_13-40","5","271.58347224342083","ContextualBandit-v2","2000","200","1",""
"conbandit_combi1_0__0__2025-06-18_13-39","5","245.71335218079415","ContextualBandit-v2","2000","200","0",""
"conbandit_combi1_0__5__2025-06-18_13-39","5","259.8646461450931","ContextualBandit-v2","1500","200","5",""
"conbandit_combi1_0__4__2025-06-18_13-39","5","252.52740421221796","ContextualBandit-v2","1500","200","4",""
"conbandit_combi1_0__3__2025-06-18_13-39","5","327.79227485098005","ContextualBandit-v2","1500","200","3",""
"conbandit_combi1_0__2__2025-06-18_13-38","5","364.0447896541512","ContextualBandit-v2","1500","200","2",""
"conbandit_combi1_0__1__2025-06-18_13-38","5","270.0546240638025","ContextualBandit-v2","1500","200","1",""
"conbandit_combi1_0__0__2025-06-18_13-38","5","245.48336689299865","ContextualBandit-v2","1500","200","0",""
"conbandit_combi1_0__5__2025-06-18_13-38","5","260.3574391054371","ContextualBandit-v2","1000","200","5",""
"conbandit_combi1_0__4__2025-06-18_13-37","5","251.80430840026284","ContextualBandit-v2","1000","200","4",""
"conbandit_combi1_0__3__2025-06-18_13-37","5","321.5774658805681","ContextualBandit-v2","1000","200","3",""
"conbandit_combi1_0__2__2025-06-18_13-37","5","384.6713032687407","ContextualBandit-v2","1000","200","2",""
"conbandit_combi1_0__1__2025-06-18_13-37","5","290.50105026483635","ContextualBandit-v2","1000","200","1",""
"conbandit_combi1_0__0__2025-06-18_13-36","5","266.7101177082296","ContextualBandit-v2","1000","200","0",""
"conbandit_combi1_0__5__2025-06-18_13-36","5","269.8431182462052","ContextualBandit-v2","500","200","5",""
"conbandit_combi1_0__4__2025-06-18_13-36","5","258.4030572131687","ContextualBandit-v2","500","200","4",""
"conbandit_combi1_0__3__2025-06-18_13-35","5","332.74009167916535","ContextualBandit-v2","500","200","3",""
"conbandit_combi1_0__2__2025-06-18_13-35","5","349.0754383898825","ContextualBandit-v2","500","200","2",""
"conbandit_combi1_0__1__2025-06-18_13-35","5","252.9623500741852","ContextualBandit-v2","500","200","1",""
"conbandit_combi1_0__0__2025-06-18_13-35","5","243.53851083668863","ContextualBandit-v2","500","200","0",""
"conbandit_combi1_0__5__2025-06-18_13-24","2","82.22793579101562","NNBandit-v0","2000","200","5",""
"conbandit_combi1_0__4__2025-06-18_13-23","2","71.01156616210938","NNBandit-v0","2000","200","4",""
"conbandit_combi1_0__3__2025-06-18_13-23","2","128.4825897216797","NNBandit-v0","2000","200","3",""
"conbandit_combi1_0__2__2025-06-18_13-23","2","134.3937530517578","NNBandit-v0","2000","200","2",""
"conbandit_combi1_0__1__2025-06-18_13-23","2","27.622106552124023","NNBandit-v0","2000","200","1",""
"conbandit_combi1_0__0__2025-06-18_13-23","2","59.91130828857422","NNBandit-v0","2000","200","0",""
"conbandit_combi1_0__5__2025-06-18_13-22","2","82.04145812988281","NNBandit-v0","1500","200","5",""
"conbandit_combi1_0__4__2025-06-18_13-22","2","71.40675354003906","NNBandit-v0","1500","200","4",""
"conbandit_combi1_0__3__2025-06-18_13-22","2","128.05148315429688","NNBandit-v0","1500","200","3",""
"conbandit_combi1_0__2__2025-06-18_13-22","2","134.52261352539062","NNBandit-v0","1500","200","2",""
"conbandit_combi1_0__1__2025-06-18_13-21","2","27.622106552124023","NNBandit-v0","1500","200","1",""
"conbandit_combi1_0__0__2025-06-18_13-21","2","59.91130828857422","NNBandit-v0","1500","200","0",""
"conbandit_combi1_0__5__2025-06-18_13-21","2","71.96839904785156","NNBandit-v0","1000","200","5",""
"conbandit_combi1_0__4__2025-06-18_13-21","2","70.84516143798828","NNBandit-v0","1000","200","4",""
"conbandit_combi1_0__3__2025-06-18_13-20","2","122.69671630859376","NNBandit-v0","1000","200","3",""
"conbandit_combi1_0__2__2025-06-18_13-20","2","134.66036987304688","NNBandit-v0","1000","200","2",""
"conbandit_combi1_0__1__2025-06-18_13-20","2","27.618200302124023","NNBandit-v0","1000","200","1",""
"conbandit_combi1_0__0__2025-06-18_13-20","2","60.1870231628418","NNBandit-v0","1000","200","0",""
"conbandit_combi1_0__5__2025-06-18_13-20","2","61.76333236694336","NNBandit-v0","500","200","5",""
"conbandit_combi1_0__4__2025-06-18_13-19","2","68.8148422241211","NNBandit-v0","500","200","4",""
"conbandit_combi1_0__3__2025-06-18_13-19","2","116.92633056640624","NNBandit-v0","500","200","3",""
"conbandit_combi1_0__2__2025-06-18_13-19","2","105.32545471191406","NNBandit-v0","500","200","2",""
"conbandit_combi1_0__1__2025-06-18_13-19","2","28.36000061035156","NNBandit-v0","500","200","1",""
"conbandit_combi1_0__0__2025-06-18_13-18","2","60.59873580932617","NNBandit-v0","500","200","0",""
"conbandit_combi1_0__5__2025-06-18_13-18","2","296.1807940705041","ContextualBandit-v2","2000","200","5",""
"conbandit_combi1_0__4__2025-06-18_13-18","2","264.1925968770184","ContextualBandit-v2","2000","200","4",""
"conbandit_combi1_0__3__2025-06-18_13-18","2","299.8888668754089","ContextualBandit-v2","2000","200","3",""
"conbandit_combi1_0__2__2025-06-18_13-17","2","360.9184695393745","ContextualBandit-v2","2000","200","2",""
"conbandit_combi1_0__1__2025-06-18_13-17","2","279.95870727609594","ContextualBandit-v2","2000","200","1",""
"conbandit_combi1_0__0__2025-06-18_13-17","2","253.658121265101","ContextualBandit-v2","2000","200","0",""
"conbandit_combi1_0__5__2025-06-18_13-16","2","295.5775195765757","ContextualBandit-v2","1500","200","5",""
"conbandit_combi1_0__4__2025-06-18_13-16","2","262.8189570397816","ContextualBandit-v2","1500","200","4",""
"conbandit_combi1_0__3__2025-06-18_13-16","2","300.7857166484508","ContextualBandit-v2","1500","200","3",""
"conbandit_combi1_0__2__2025-06-18_13-16","2","360.2634840092743","ContextualBandit-v2","1500","200","2",""
"conbandit_combi1_0__1__2025-06-18_13-15","2","278.1258480880139","ContextualBandit-v2","1500","200","1",""
"conbandit_combi1_0__0__2025-06-18_13-15","2","255.2611802110862","ContextualBandit-v2","1500","200","0",""
"conbandit_combi1_0__5__2025-06-18_13-15","2","286.32830807627647","ContextualBandit-v2","1000","200","5",""
"conbandit_combi1_0__4__2025-06-18_13-15","2","259.96049275963486","ContextualBandit-v2","1000","200","4",""
"conbandit_combi1_0__3__2025-06-18_13-14","2","304.35514905765893","ContextualBandit-v2","1000","200","3",""
"conbandit_combi1_0__2__2025-06-18_13-14","2","361.1520677877052","ContextualBandit-v2","1000","200","2",""
"conbandit_combi1_0__1__2025-06-18_13-14","2","267.05569567979876","ContextualBandit-v2","1000","200","1",""
"conbandit_combi1_0__0__2025-06-18_13-14","2","269.1311392040072","ContextualBandit-v2","1000","200","0",""
"conbandit_combi1_0__5__2025-06-18_13-13","2","304.49357609172074","ContextualBandit-v2","500","200","5",""
"conbandit_combi1_0__4__2025-06-18_13-13","2","277.11619332567057","ContextualBandit-v2","500","200","4",""
"conbandit_combi1_0__3__2025-06-18_13-13","2","327.6137258736178","ContextualBandit-v2","500","200","3",""
"conbandit_combi1_0__2__2025-06-18_13-13","2","356.6492626654508","ContextualBandit-v2","500","200","2",""
"conbandit_combi1_0__1__2025-06-18_13-12","2","261.11283810829474","ContextualBandit-v2","500","200","1",""
"conbandit_combi1_0__0__2025-06-18_13-12","2","250.8656463476094","ContextualBandit-v2","500","200","0",""