"Name","batch_size","mean_regret","dynamic_rate","seed","env_id","memory_size","_wandb"
"conbandit_combi1_0__5__2025-06-18_16-26","200","95.54364776611328","1000","5","NNBandit-v0","2000",""
"conbandit_combi1_0__4__2025-06-18_16-26","200","122.5645751953125","1000","4","NNBandit-v0","2000",""
"conbandit_combi1_0__3__2025-06-18_16-25","200","138.18968200683594","1000","3","NNBandit-v0","2000",""
"conbandit_combi1_0__2__2025-06-18_16-25","200","86.71458435058594","1000","2","NNBandit-v0","2000",""
"conbandit_combi1_0__1__2025-06-18_16-25","200","72.79340362548828","1000","1","NNBandit-v0","2000",""
"conbandit_combi1_0__0__2025-06-18_16-25","200","64.27933502197266","1000","0","NNBandit-v0","2000",""
"conbandit_combi1_0__5__2025-06-18_16-24","200","95.54364776611328","1000","5","NNBandit-v0","1500",""
"conbandit_combi1_0__4__2025-06-18_16-24","200","122.57150268554688","1000","4","NNBandit-v0","1500",""
"conbandit_combi1_0__3__2025-06-18_16-24","200","138.18968200683594","1000","3","NNBandit-v0","1500",""
"conbandit_combi1_0__2__2025-06-18_16-24","200","86.71458435058594","1000","2","NNBandit-v0","1500",""
"conbandit_combi1_0__1__2025-06-18_16-23","200","72.79340362548828","1000","1","NNBandit-v0","1500",""
"conbandit_combi1_0__0__2025-06-18_16-23","200","64.30406188964844","1000","0","NNBandit-v0","1500",""
"conbandit_combi1_0__5__2025-06-18_16-23","200","95.5506591796875","1000","5","NNBandit-v0","1000",""
"conbandit_combi1_0__4__2025-06-18_16-23","200","122.61418914794922","1000","4","NNBandit-v0","1000",""
"conbandit_combi1_0__3__2025-06-18_16-22","200","138.18478393554688","1000","3","NNBandit-v0","1000",""
"conbandit_combi1_0__2__2025-06-18_16-22","200","86.71458435058594","1000","2","NNBandit-v0","1000",""
"conbandit_combi1_0__1__2025-06-18_16-22","200","72.80673217773438","1000","1","NNBandit-v0","1000",""
"conbandit_combi1_0__0__2025-06-18_16-21","200","64.05433654785156","1000","0","NNBandit-v0","1000",""
"conbandit_combi1_0__5__2025-06-18_16-21","200","95.63337707519533","1000","5","NNBandit-v0","500",""
"conbandit_combi1_0__4__2025-06-18_16-21","200","122.56849670410156","1000","4","NNBandit-v0","500",""
"conbandit_combi1_0__3__2025-06-18_16-21","200","138.27230834960938","1000","3","NNBandit-v0","500",""
"conbandit_combi1_0__2__2025-06-18_16-20","200","86.71458435058594","1000","2","NNBandit-v0","500",""
"conbandit_combi1_0__1__2025-06-18_16-20","200","72.87811279296875","1000","1","NNBandit-v0","500",""
"conbandit_combi1_0__0__2025-06-18_16-20","200","63.68110656738281","1000","0","NNBandit-v0","500",""
"conbandit_combi1_0__5__2025-06-18_16-20","200","105.8843880985608","1000","5","ContextualBandit-v2","2000",""
"conbandit_combi1_0__4__2025-06-18_16-19","200","269.9209461557467","1000","4","ContextualBandit-v2","2000",""
"conbandit_combi1_0__3__2025-06-18_16-19","200","122.29383877895025","1000","3","ContextualBandit-v2","2000",""
"conbandit_combi1_0__2__2025-06-18_16-19","200","177.740996357832","1000","2","ContextualBandit-v2","2000",""
"conbandit_combi1_0__1__2025-06-18_16-19","200","164.26548536681855","1000","1","ContextualBandit-v2","2000",""
"conbandit_combi1_0__0__2025-06-18_16-18","200","115.19776264419558","1000","0","ContextualBandit-v2","2000",""
"conbandit_combi1_0__5__2025-06-18_16-18","200","105.82312706240846","1000","5","ContextualBandit-v2","1500",""
"conbandit_combi1_0__4__2025-06-18_16-18","200","269.77161842598167","1000","4","ContextualBandit-v2","1500",""
"conbandit_combi1_0__3__2025-06-18_16-18","200","121.92762353826458","1000","3","ContextualBandit-v2","1500",""
"conbandit_combi1_0__2__2025-06-18_16-17","200","178.5230682756309","1000","2","ContextualBandit-v2","1500",""
"conbandit_combi1_0__1__2025-06-18_16-17","200","162.7134572299716","1000","1","ContextualBandit-v2","1500",""
"conbandit_combi1_0__0__2025-06-18_16-17","200","114.78640601703584","1000","0","ContextualBandit-v2","1500",""
"conbandit_combi1_0__5__2025-06-18_16-17","200","105.8078216217888","1000","5","ContextualBandit-v2","1000",""
"conbandit_combi1_0__4__2025-06-18_16-16","200","266.2470478705641","1000","4","ContextualBandit-v2","1000",""
"conbandit_combi1_0__3__2025-06-18_16-16","200","119.11884023919156","1000","3","ContextualBandit-v2","1000",""
"conbandit_combi1_0__2__2025-06-18_16-16","200","176.84978384764122","1000","2","ContextualBandit-v2","1000",""
"conbandit_combi1_0__1__2025-06-18_16-15","200","157.04758935204856","1000","1","ContextualBandit-v2","1000",""
"conbandit_combi1_0__0__2025-06-18_16-15","200","104.31815439376462","1000","0","ContextualBandit-v2","1000",""
"conbandit_combi1_0__5__2025-06-18_16-15","200","101.22487586999752","1000","5","ContextualBandit-v2","500",""
"conbandit_combi1_0__4__2025-06-18_16-15","200","204.80131814409475","1000","4","ContextualBandit-v2","500",""
"conbandit_combi1_0__3__2025-06-18_16-14","200","110.57127868623468","1000","3","ContextualBandit-v2","500",""
"conbandit_combi1_0__2__2025-06-18_16-14","200","145.34973803090926","1000","2","ContextualBandit-v2","500",""
"conbandit_combi1_0__1__2025-06-18_16-14","200","151.49537006374143","1000","1","ContextualBandit-v2","500",""
"conbandit_combi1_0__0__2025-06-18_16-14","200","83.81518072588266","1000","0","ContextualBandit-v2","500",""
"conbandit_combi1_0__5__2025-06-18_16-01","100","55.38662338256836","1000","5","NNBandit-v0","2000",""
"conbandit_combi1_0__4__2025-06-18_16-01","100","90.71967315673828","1000","4","NNBandit-v0","2000",""
"conbandit_combi1_0__3__2025-06-18_16-00","100","88.99427795410156","1000","3","NNBandit-v0","2000",""
"conbandit_combi1_0__2__2025-06-18_16-00","100","55.83942031860352","1000","2","NNBandit-v0","2000",""
"conbandit_combi1_0__1__2025-06-18_16-00","100","39.53823471069336","1000","1","NNBandit-v0","2000",""
"conbandit_combi1_0__0__2025-06-18_16-00","100","43.00262451171875","1000","0","NNBandit-v0","2000",""
"conbandit_combi1_0__5__2025-06-18_15-59","100","55.38662338256836","1000","5","NNBandit-v0","1500",""
"conbandit_combi1_0__4__2025-06-18_15-59","100","90.71967315673828","1000","4","NNBandit-v0","1500",""
"conbandit_combi1_0__3__2025-06-18_15-59","100","88.97465515136719","1000","3","NNBandit-v0","1500",""
"conbandit_combi1_0__2__2025-06-18_15-59","100","55.83942031860352","1000","2","NNBandit-v0","1500",""
"conbandit_combi1_0__1__2025-06-18_15-58","100","39.53823471069336","1000","1","NNBandit-v0","1500",""
"conbandit_combi1_0__0__2025-06-18_15-58","100","43.044673919677734","1000","0","NNBandit-v0","1500",""
"conbandit_combi1_0__5__2025-06-18_15-58","100","55.38662338256836","1000","5","NNBandit-v0","1000",""
"conbandit_combi1_0__4__2025-06-18_15-58","100","90.71967315673828","1000","4","NNBandit-v0","1000",""
"conbandit_combi1_0__3__2025-06-18_15-57","100","88.88815307617188","1000","3","NNBandit-v0","1000",""
"conbandit_combi1_0__2__2025-06-18_15-57","100","55.83942031860352","1000","2","NNBandit-v0","1000",""
"conbandit_combi1_0__1__2025-06-18_15-57","100","39.53823471069336","1000","1","NNBandit-v0","1000",""
"conbandit_combi1_0__0__2025-06-18_15-57","100","42.91376876831055","1000","0","NNBandit-v0","1000",""
"conbandit_combi1_0__5__2025-06-18_15-56","100","55.38662338256836","1000","5","NNBandit-v0","500",""
"conbandit_combi1_0__4__2025-06-18_15-56","100","90.54710388183594","1000","4","NNBandit-v0","500",""
"conbandit_combi1_0__3__2025-06-18_15-56","100","89.26942443847656","1000","3","NNBandit-v0","500",""
"conbandit_combi1_0__2__2025-06-18_15-55","100","55.83942031860352","1000","2","NNBandit-v0","500",""
"conbandit_combi1_0__1__2025-06-18_15-55","100","39.658843994140625","1000","1","NNBandit-v0","500",""
"conbandit_combi1_0__0__2025-06-18_15-55","100","42.367149353027344","1000","0","NNBandit-v0","500",""
"conbandit_combi1_0__5__2025-06-18_15-55","100","77.07133374706898","1000","5","ContextualBandit-v2","2000",""
"conbandit_combi1_0__4__2025-06-18_15-54","100","254.57498725005436","1000","4","ContextualBandit-v2","2000",""
"conbandit_combi1_0__3__2025-06-18_15-54","100","97.81403303140178","1000","3","ContextualBandit-v2","2000",""
"conbandit_combi1_0__2__2025-06-18_15-54","100","165.46564468948188","1000","2","ContextualBandit-v2","2000",""
"conbandit_combi1_0__1__2025-06-18_15-54","100","168.03789401435984","1000","1","ContextualBandit-v2","2000",""
"conbandit_combi1_0__0__2025-06-18_15-53","100","109.82035025297267","1000","0","ContextualBandit-v2","2000",""
"conbandit_combi1_0__5__2025-06-18_15-53","100","76.38260483573158","1000","5","ContextualBandit-v2","1500",""
"conbandit_combi1_0__4__2025-06-18_15-53","100","254.28971013562153","1000","4","ContextualBandit-v2","1500",""
"conbandit_combi1_0__3__2025-06-18_15-53","100","97.2155527572376","1000","3","ContextualBandit-v2","1500",""
"conbandit_combi1_0__2__2025-06-18_15-52","100","166.2258693111393","1000","2","ContextualBandit-v2","1500",""
"conbandit_combi1_0__1__2025-06-18_15-52","100","167.58384467379005","1000","1","ContextualBandit-v2","1500",""
"conbandit_combi1_0__0__2025-06-18_15-52","100","108.72751378373948","1000","0","ContextualBandit-v2","1500",""
"conbandit_combi1_0__5__2025-06-18_15-52","100","76.19052551409875","1000","5","ContextualBandit-v2","1000",""
"conbandit_combi1_0__4__2025-06-18_15-51","100","250.27254595133311","1000","4","ContextualBandit-v2","1000",""
"conbandit_combi1_0__3__2025-06-18_15-51","100","92.87671759242212","1000","3","ContextualBandit-v2","1000",""
"conbandit_combi1_0__2__2025-06-18_15-51","100","162.93315306855104","1000","2","ContextualBandit-v2","1000",""
"conbandit_combi1_0__1__2025-06-18_15-51","100","165.60937693767235","1000","1","ContextualBandit-v2","1000",""
"conbandit_combi1_0__0__2025-06-18_15-50","100","94.86972896275007","1000","0","ContextualBandit-v2","1000",""
"conbandit_combi1_0__5__2025-06-18_15-50","100","71.88308094846465","1000","5","ContextualBandit-v2","500",""
"conbandit_combi1_0__4__2025-06-18_15-50","100","225.4511502487935","1000","4","ContextualBandit-v2","500",""
"conbandit_combi1_0__3__2025-06-18_15-49","100","84.97986067483758","1000","3","ContextualBandit-v2","500",""
"conbandit_combi1_0__2__2025-06-18_15-49","100","155.98025264990147","1000","2","ContextualBandit-v2","500",""
"conbandit_combi1_0__1__2025-06-18_15-49","100","164.81549047124616","1000","1","ContextualBandit-v2","500",""
"conbandit_combi1_0__0__2025-06-18_15-49","100","72.33549650448393","1000","0","ContextualBandit-v2","500",""
"conbandit_combi1_0__5__2025-06-18_15-34","50","34.61122512817383","1000","5","NNBandit-v0","2000",""
"conbandit_combi1_0__4__2025-06-18_15-34","50","55.46832275390625","1000","4","NNBandit-v0","2000",""
"conbandit_combi1_0__3__2025-06-18_15-34","50","62.10165786743164","1000","3","NNBandit-v0","2000",""
"conbandit_combi1_0__2__2025-06-18_15-34","50","41.19215774536133","1000","2","NNBandit-v0","2000",""
"conbandit_combi1_0__1__2025-06-18_15-33","50","26.69786262512207","1000","1","NNBandit-v0","2000",""
"conbandit_combi1_0__0__2025-06-18_15-33","50","35.93437576293945","1000","0","NNBandit-v0","2000",""
"conbandit_combi1_0__5__2025-06-18_15-33","50","34.61122512817383","1000","5","NNBandit-v0","1500",""
"conbandit_combi1_0__4__2025-06-18_15-32","50","55.46832275390625","1000","4","NNBandit-v0","1500",""
"conbandit_combi1_0__3__2025-06-18_15-32","50","62.12139129638672","1000","3","NNBandit-v0","1500",""
"conbandit_combi1_0__2__2025-06-18_15-32","50","41.19215774536133","1000","2","NNBandit-v0","1500",""
"conbandit_combi1_0__1__2025-06-18_15-32","50","26.69786262512207","1000","1","NNBandit-v0","1500",""
"conbandit_combi1_0__0__2025-06-18_15-31","50","35.91535949707031","1000","0","NNBandit-v0","1500",""
"conbandit_combi1_0__5__2025-06-18_15-31","50","34.631431579589844","1000","5","NNBandit-v0","1000",""
"conbandit_combi1_0__4__2025-06-18_15-31","50","55.528358459472656","1000","4","NNBandit-v0","1000",""
"conbandit_combi1_0__3__2025-06-18_15-31","50","61.987327575683594","1000","3","NNBandit-v0","1000",""
"conbandit_combi1_0__2__2025-06-18_15-30","50","41.19215774536133","1000","2","NNBandit-v0","1000",""
"conbandit_combi1_0__1__2025-06-18_15-30","50","26.71845436096191","1000","1","NNBandit-v0","1000",""
"conbandit_combi1_0__0__2025-06-18_15-30","50","35.75395202636719","1000","0","NNBandit-v0","1000",""
"conbandit_combi1_0__5__2025-06-18_15-29","50","34.631431579589844","1000","5","NNBandit-v0","500",""
"conbandit_combi1_0__4__2025-06-18_15-29","50","55.02614212036133","1000","4","NNBandit-v0","500",""
"conbandit_combi1_0__3__2025-06-18_15-29","50","62.270172119140625","1000","3","NNBandit-v0","500",""
"conbandit_combi1_0__2__2025-06-18_15-29","50","41.07767868041992","1000","2","NNBandit-v0","500",""
"conbandit_combi1_0__1__2025-06-18_15-28","50","26.879602432250977","1000","1","NNBandit-v0","500",""
"conbandit_combi1_0__0__2025-06-18_15-28","50","35.90667724609375","1000","0","NNBandit-v0","500",""
"conbandit_combi1_0__5__2025-06-18_15-28","50","64.04742218612829","1000","5","ContextualBandit-v2","2000",""
"conbandit_combi1_0__4__2025-06-18_15-28","50","246.92172460292832","1000","4","ContextualBandit-v2","2000",""
"conbandit_combi1_0__3__2025-06-18_15-27","50","87.47122152901682","1000","3","ContextualBandit-v2","2000",""
"conbandit_combi1_0__2__2025-06-18_15-27","50","160.6638027163043","1000","2","ContextualBandit-v2","2000",""
"conbandit_combi1_0__1__2025-06-18_15-27","50","158.4687522333363","1000","1","ContextualBandit-v2","2000",""
"conbandit_combi1_0__0__2025-06-18_15-27","50","101.08346451323864","1000","0","ContextualBandit-v2","2000",""
"conbandit_combi1_0__5__2025-06-18_15-26","50","63.82988372634069","1000","5","ContextualBandit-v2","1500",""
"conbandit_combi1_0__4__2025-06-18_15-26","50","246.7280131472302","1000","4","ContextualBandit-v2","1500",""
"conbandit_combi1_0__3__2025-06-18_15-26","50","87.2843423229809","1000","3","ContextualBandit-v2","1500",""
"conbandit_combi1_0__2__2025-06-18_15-26","50","161.22832437430756","1000","2","ContextualBandit-v2","1500",""
"conbandit_combi1_0__1__2025-06-18_15-25","50","158.06338962736274","1000","1","ContextualBandit-v2","1500",""
"conbandit_combi1_0__0__2025-06-18_15-25","50","100.01897023586436","1000","0","ContextualBandit-v2","1500",""
"conbandit_combi1_0__5__2025-06-18_15-25","50","62.35572794620659","1000","5","ContextualBandit-v2","1000",""
"conbandit_combi1_0__4__2025-06-18_15-25","50","241.32350906469617","1000","4","ContextualBandit-v2","1000",""
"conbandit_combi1_0__3__2025-06-18_15-24","50","81.54653048862825","1000","3","ContextualBandit-v2","1000",""
"conbandit_combi1_0__2__2025-06-18_15-24","50","157.99226235138218","1000","2","ContextualBandit-v2","1000",""
"conbandit_combi1_0__1__2025-06-18_15-24","50","156.67080485093786","1000","1","ContextualBandit-v2","1000",""
"conbandit_combi1_0__0__2025-06-18_15-23","50","89.55044005478584","1000","0","ContextualBandit-v2","1000",""
"conbandit_combi1_0__5__2025-06-18_15-23","50","60.70240069406427","1000","5","ContextualBandit-v2","500",""
"conbandit_combi1_0__4__2025-06-18_15-23","50","224.19540926091256","1000","4","ContextualBandit-v2","500",""
"conbandit_combi1_0__3__2025-06-18_15-23","50","74.52122590332478","1000","3","ContextualBandit-v2","500",""
"conbandit_combi1_0__2__2025-06-18_15-22","50","151.32201492135988","1000","2","ContextualBandit-v2","500",""
"conbandit_combi1_0__1__2025-06-18_15-22","50","155.00913300521606","1000","1","ContextualBandit-v2","500",""
"conbandit_combi1_0__0__2025-06-18_15-22","50","66.58704421517594","1000","0","ContextualBandit-v2","500",""
"conbandit_combi1_0__5__2025-06-18_15-09","30","28.953067779541016","1000","5","NNBandit-v0","2000",""
"conbandit_combi1_0__4__2025-06-18_15-09","30","44.257137298583984","1000","4","NNBandit-v0","2000",""
"conbandit_combi1_0__3__2025-06-18_15-08","30","55.49972152709961","1000","3","NNBandit-v0","2000",""
"conbandit_combi1_0__2__2025-06-18_15-08","30","30.4556941986084","1000","2","NNBandit-v0","2000",""
"conbandit_combi1_0__1__2025-06-18_15-08","30","24.077714920043945","1000","1","NNBandit-v0","2000",""
"conbandit_combi1_0__0__2025-06-18_15-08","30","34.899818420410156","1000","0","NNBandit-v0","2000",""
"conbandit_combi1_0__5__2025-06-18_15-07","30","28.953067779541016","1000","5","NNBandit-v0","1500",""
"conbandit_combi1_0__4__2025-06-18_15-07","30","44.257137298583984","1000","4","NNBandit-v0","1500",""
"conbandit_combi1_0__3__2025-06-18_15-07","30","55.50750732421875","1000","3","NNBandit-v0","1500",""
"conbandit_combi1_0__2__2025-06-18_15-07","30","30.4556941986084","1000","2","NNBandit-v0","1500",""
"conbandit_combi1_0__1__2025-06-18_15-06","30","24.077714920043945","1000","1","NNBandit-v0","1500",""
"conbandit_combi1_0__0__2025-06-18_15-06","30","34.886470794677734","1000","0","NNBandit-v0","1500",""
"conbandit_combi1_0__5__2025-06-18_15-06","30","28.993141174316406","1000","5","NNBandit-v0","1000",""
"conbandit_combi1_0__4__2025-06-18_15-06","30","44.328712463378906","1000","4","NNBandit-v0","1000",""
"conbandit_combi1_0__3__2025-06-18_15-05","30","55.403656005859375","1000","3","NNBandit-v0","1000",""
"conbandit_combi1_0__2__2025-06-18_15-05","30","30.4556941986084","1000","2","NNBandit-v0","1000",""
"conbandit_combi1_0__1__2025-06-18_15-05","30","24.077714920043945","1000","1","NNBandit-v0","1000",""
"conbandit_combi1_0__0__2025-06-18_15-05","30","34.691978454589844","1000","0","NNBandit-v0","1000",""
"conbandit_combi1_0__5__2025-06-18_15-04","30","29.000551223754883","1000","5","NNBandit-v0","500",""
"conbandit_combi1_0__4__2025-06-18_15-04","30","43.743553161621094","1000","4","NNBandit-v0","500",""
"conbandit_combi1_0__3__2025-06-18_15-04","30","55.45621871948242","1000","3","NNBandit-v0","500",""
"conbandit_combi1_0__2__2025-06-18_15-04","30","30.4556941986084","1000","2","NNBandit-v0","500",""
"conbandit_combi1_0__1__2025-06-18_15-03","30","24.224729537963867","1000","1","NNBandit-v0","500",""
"conbandit_combi1_0__0__2025-06-18_15-03","30","34.158748626708984","1000","0","NNBandit-v0","500",""
"conbandit_combi1_0__5__2025-06-18_15-03","30","58.36538694433192","1000","5","ContextualBandit-v2","2000",""
"conbandit_combi1_0__4__2025-06-18_15-03","30","242.6672726073295","1000","4","ContextualBandit-v2","2000",""
"conbandit_combi1_0__3__2025-06-18_15-02","30","114.96372996273368","1000","3","ContextualBandit-v2","2000",""
"conbandit_combi1_0__2__2025-06-18_15-02","30","143.9792960472728","1000","2","ContextualBandit-v2","2000",""
"conbandit_combi1_0__1__2025-06-18_15-02","30","155.2223222167696","1000","1","ContextualBandit-v2","2000",""
"conbandit_combi1_0__0__2025-06-18_15-01","30","103.83664127605586","1000","0","ContextualBandit-v2","2000",""
"conbandit_combi1_0__5__2025-06-18_15-01","30","58.13260885511625","1000","5","ContextualBandit-v2","1500",""
"conbandit_combi1_0__4__2025-06-18_15-01","30","242.11641163238005","1000","4","ContextualBandit-v2","1500",""
"conbandit_combi1_0__3__2025-06-18_15-01","30","114.1440588005522","1000","3","ContextualBandit-v2","1500",""
"conbandit_combi1_0__2__2025-06-18_15-00","30","143.90672982824273","1000","2","ContextualBandit-v2","1500",""
"conbandit_combi1_0__1__2025-06-18_15-00","30","154.55876871355986","1000","1","ContextualBandit-v2","1500",""
"conbandit_combi1_0__0__2025-06-18_15-00","30","101.6450091566749","1000","0","ContextualBandit-v2","1500",""
"conbandit_combi1_0__5__2025-06-18_15-00","30","57.086119112888674","1000","5","ContextualBandit-v2","1000",""
"conbandit_combi1_0__4__2025-06-18_14-59","30","237.6263088680011","1000","4","ContextualBandit-v2","1000",""
"conbandit_combi1_0__3__2025-06-18_14-59","30","106.99883909684344","1000","3","ContextualBandit-v2","1000",""
"conbandit_combi1_0__2__2025-06-18_14-59","30","144.06738687971125","1000","2","ContextualBandit-v2","1000",""
"conbandit_combi1_0__1__2025-06-18_14-59","30","152.41131173501495","1000","1","ContextualBandit-v2","1000",""
"conbandit_combi1_0__0__2025-06-18_14-58","30","86.78212405845703","1000","0","ContextualBandit-v2","1000",""
"conbandit_combi1_0__5__2025-06-18_14-58","30","55.012763816822535","1000","5","ContextualBandit-v2","500",""
"conbandit_combi1_0__4__2025-06-18_14-58","30","219.7321386499485","1000","4","ContextualBandit-v2","500",""
"conbandit_combi1_0__3__2025-06-18_14-57","30","89.13305428286829","1000","3","ContextualBandit-v2","500",""
"conbandit_combi1_0__2__2025-06-18_14-57","30","143.6213630314755","1000","2","ContextualBandit-v2","500",""
"conbandit_combi1_0__1__2025-06-18_14-57","30","150.7221480126184","1000","1","ContextualBandit-v2","500",""
"conbandit_combi1_0__0__2025-06-18_14-57","30","64.16738273010503","1000","0","ContextualBandit-v2","500",""
"conbandit_combi1_0__5__2025-06-18_14-44","20","26.66407012939453","1000","5","NNBandit-v0","2000",""
"conbandit_combi1_0__4__2025-06-18_14-43","20","43.807090759277344","1000","4","NNBandit-v0","2000",""
"conbandit_combi1_0__3__2025-06-18_14-43","20","47.714691162109375","1000","3","NNBandit-v0","2000",""
"conbandit_combi1_0__2__2025-06-18_14-42","20","27.86370277404785","1000","2","NNBandit-v0","2000",""
"conbandit_combi1_0__1__2025-06-18_14-42","20","23.42710876464844","1000","1","NNBandit-v0","2000",""
"conbandit_combi1_0__0__2025-06-18_14-42","20","35.617305755615234","1000","0","NNBandit-v0","2000",""
"conbandit_combi1_0__5__2025-06-18_14-42","20","26.682737350463867","1000","5","NNBandit-v0","1500",""
"conbandit_combi1_0__4__2025-06-18_14-41","20","43.76766204833984","1000","4","NNBandit-v0","1500",""
"conbandit_combi1_0__3__2025-06-18_14-41","20","47.68341445922851","1000","3","NNBandit-v0","1500",""
"conbandit_combi1_0__2__2025-06-18_14-41","20","27.86370277404785","1000","2","NNBandit-v0","1500",""
"conbandit_combi1_0__1__2025-06-18_14-40","20","23.530445098876953","1000","1","NNBandit-v0","1500",""
"conbandit_combi1_0__0__2025-06-18_14-40","20","35.59322738647461","1000","0","NNBandit-v0","1500",""
"conbandit_combi1_0__5__2025-06-18_14-40","20","26.656932830810547","1000","5","NNBandit-v0","1000",""
"conbandit_combi1_0__4__2025-06-18_14-40","20","43.68141555786133","1000","4","NNBandit-v0","1000",""
"conbandit_combi1_0__3__2025-06-18_14-39","20","47.67607879638672","1000","3","NNBandit-v0","1000",""
"conbandit_combi1_0__2__2025-06-18_14-39","20","27.68007469177246","1000","2","NNBandit-v0","1000",""
"conbandit_combi1_0__1__2025-06-18_14-39","20","23.477689743041992","1000","1","NNBandit-v0","1000",""
"conbandit_combi1_0__0__2025-06-18_14-39","20","35.543975830078125","1000","0","NNBandit-v0","1000",""
"conbandit_combi1_0__5__2025-06-18_14-38","20","26.863611221313477","1000","5","NNBandit-v0","500",""
"conbandit_combi1_0__4__2025-06-18_14-38","20","43.27861785888672","1000","4","NNBandit-v0","500",""
"conbandit_combi1_0__3__2025-06-18_14-38","20","47.91804504394531","1000","3","NNBandit-v0","500",""
"conbandit_combi1_0__2__2025-06-18_14-38","20","27.47279357910156","1000","2","NNBandit-v0","500",""
"conbandit_combi1_0__1__2025-06-18_14-37","20","23.922855377197266","1000","1","NNBandit-v0","500",""
"conbandit_combi1_0__0__2025-06-18_14-37","20","34.695125579833984","1000","0","NNBandit-v0","500",""
"conbandit_combi1_0__5__2025-06-18_14-37","20","61.97497195129869","1000","5","ContextualBandit-v2","2000",""
"conbandit_combi1_0__4__2025-06-18_14-36","20","240.8885956655877","1000","4","ContextualBandit-v2","2000",""
"conbandit_combi1_0__3__2025-06-18_14-36","20","114.3567501980923","1000","3","ContextualBandit-v2","2000",""
"conbandit_combi1_0__2__2025-06-18_14-36","20","149.92775787697278","1000","2","ContextualBandit-v2","2000",""
"conbandit_combi1_0__1__2025-06-18_14-36","20","161.39923312978743","1000","1","ContextualBandit-v2","2000",""
"conbandit_combi1_0__0__2025-06-18_14-35","20","111.5858556082756","1000","0","ContextualBandit-v2","2000",""
"conbandit_combi1_0__5__2025-06-18_14-35","20","61.97792470995781","1000","5","ContextualBandit-v2","1500",""
"conbandit_combi1_0__4__2025-06-18_14-35","20","241.7991367328358","1000","4","ContextualBandit-v2","1500",""
"conbandit_combi1_0__3__2025-06-18_14-35","20","112.9804348276066","1000","3","ContextualBandit-v2","1500",""
"conbandit_combi1_0__2__2025-06-18_14-34","20","150.4334881188309","1000","2","ContextualBandit-v2","1500",""
"conbandit_combi1_0__1__2025-06-18_14-34","20","160.85990555887665","1000","1","ContextualBandit-v2","1500",""
"conbandit_combi1_0__0__2025-06-18_14-34","20","107.78602950174218","1000","0","ContextualBandit-v2","1500",""
"conbandit_combi1_0__5__2025-06-18_14-34","20","61.50393976587404","1000","5","ContextualBandit-v2","1000",""
"conbandit_combi1_0__4__2025-06-18_14-33","20","212.57152939953008","1000","4","ContextualBandit-v2","1000",""
"conbandit_combi1_0__3__2025-06-18_14-33","20","102.98905642534052","1000","3","ContextualBandit-v2","1000",""
"conbandit_combi1_0__2__2025-06-18_14-33","20","151.3918737904852","1000","2","ContextualBandit-v2","1000",""
"conbandit_combi1_0__1__2025-06-18_14-33","20","159.3121071787517","1000","1","ContextualBandit-v2","1000",""
"conbandit_combi1_0__0__2025-06-18_14-32","20","98.66375824002496","1000","0","ContextualBandit-v2","1000",""
"conbandit_combi1_0__5__2025-06-18_14-32","20","57.85385741276442","1000","5","ContextualBandit-v2","500",""
"conbandit_combi1_0__4__2025-06-18_14-32","20","215.5754328631954","1000","4","ContextualBandit-v2","500",""
"conbandit_combi1_0__3__2025-06-18_14-32","20","89.68847242780039","1000","3","ContextualBandit-v2","500",""
"conbandit_combi1_0__2__2025-06-18_14-31","20","147.18663773821658","1000","2","ContextualBandit-v2","500",""
"conbandit_combi1_0__1__2025-06-18_14-31","20","155.08653314571137","1000","1","ContextualBandit-v2","500",""
"conbandit_combi1_0__0__2025-06-18_14-31","20","75.04052608433109","1000","0","ContextualBandit-v2","500",""
"conbandit_combi1_0__5__2025-06-18_14-19","10","24.115766525268555","1000","5","NNBandit-v0","2000",""
"conbandit_combi1_0__4__2025-06-18_14-19","10","39.3824462890625","1000","4","NNBandit-v0","2000",""
"conbandit_combi1_0__3__2025-06-18_14-19","10","53.084938049316406","1000","3","NNBandit-v0","2000",""
"conbandit_combi1_0__2__2025-06-18_14-18","10","24.97765731811523","1000","2","NNBandit-v0","2000",""
"conbandit_combi1_0__1__2025-06-18_14-18","10","19.6796875","1000","1","NNBandit-v0","2000",""
"conbandit_combi1_0__0__2025-06-18_14-18","10","38.934844970703125","1000","0","NNBandit-v0","2000",""
"conbandit_combi1_0__5__2025-06-18_14-18","10","24.089637756347656","1000","5","NNBandit-v0","1500",""
"conbandit_combi1_0__4__2025-06-18_14-17","10","39.3824462890625","1000","4","NNBandit-v0","1500",""
"conbandit_combi1_0__3__2025-06-18_14-17","10","53.045021057128906","1000","3","NNBandit-v0","1500",""
"conbandit_combi1_0__2__2025-06-18_14-17","10","24.97765731811523","1000","2","NNBandit-v0","1500",""
"conbandit_combi1_0__1__2025-06-18_14-17","10","19.6796875","1000","1","NNBandit-v0","1500",""
"conbandit_combi1_0__0__2025-06-18_14-16","10","38.95677185058594","1000","0","NNBandit-v0","1500",""
"conbandit_combi1_0__5__2025-06-18_14-16","10","24.09032440185547","1000","5","NNBandit-v0","1000",""
"conbandit_combi1_0__4__2025-06-18_14-16","10","39.67582702636719","1000","4","NNBandit-v0","1000",""
"conbandit_combi1_0__3__2025-06-18_14-16","10","53.36157989501953","1000","3","NNBandit-v0","1000",""
"conbandit_combi1_0__2__2025-06-18_14-15","10","24.97765731811523","1000","2","NNBandit-v0","1000",""
"conbandit_combi1_0__1__2025-06-18_14-15","10","19.828758239746097","1000","1","NNBandit-v0","1000",""
"conbandit_combi1_0__0__2025-06-18_14-15","10","38.20369720458984","1000","0","NNBandit-v0","1000",""
"conbandit_combi1_0__5__2025-06-18_14-15","10","24.344772338867188","1000","5","NNBandit-v0","500",""
"conbandit_combi1_0__4__2025-06-18_14-14","10","39.28755187988281","1000","4","NNBandit-v0","500",""
"conbandit_combi1_0__3__2025-06-18_14-14","10","53.35389709472656","1000","3","NNBandit-v0","500",""
"conbandit_combi1_0__2__2025-06-18_14-14","10","24.885711669921875","1000","2","NNBandit-v0","500",""
"conbandit_combi1_0__1__2025-06-18_14-14","10","20.03391456604004","1000","1","NNBandit-v0","500",""
"conbandit_combi1_0__0__2025-06-18_14-14","10","37.14408874511719","1000","0","NNBandit-v0","500",""
"conbandit_combi1_0__5__2025-06-18_14-13","10","67.98042436990916","1000","5","ContextualBandit-v2","2000",""
"conbandit_combi1_0__4__2025-06-18_14-13","10","252.0605803242728","1000","4","ContextualBandit-v2","2000",""
"conbandit_combi1_0__3__2025-06-18_14-13","10","118.35063834089244","1000","3","ContextualBandit-v2","2000",""
"conbandit_combi1_0__2__2025-06-18_14-12","10","147.5146798908669","1000","2","ContextualBandit-v2","2000",""
"conbandit_combi1_0__1__2025-06-18_14-12","10","157.3222728305586","1000","1","ContextualBandit-v2","2000",""
"conbandit_combi1_0__0__2025-06-18_14-12","10","116.48921811588583","1000","0","ContextualBandit-v2","2000",""
"conbandit_combi1_0__5__2025-06-18_14-12","10","68.37156143667804","1000","5","ContextualBandit-v2","1500",""
"conbandit_combi1_0__4__2025-06-18_14-11","10","251.3257203570874","1000","4","ContextualBandit-v2","1500",""
"conbandit_combi1_0__3__2025-06-18_14-11","10","117.494373590899","1000","3","ContextualBandit-v2","1500",""
"conbandit_combi1_0__2__2025-06-18_14-11","10","147.32761319461977","1000","2","ContextualBandit-v2","1500",""
"conbandit_combi1_0__1__2025-06-18_14-11","10","157.56041972207802","1000","1","ContextualBandit-v2","1500",""
"conbandit_combi1_0__0__2025-06-18_14-10","10","113.47881766309146","1000","0","ContextualBandit-v2","1500",""
"conbandit_combi1_0__5__2025-06-18_14-10","10","68.00703705218486","1000","5","ContextualBandit-v2","1000",""
"conbandit_combi1_0__4__2025-06-18_14-10","10","245.1217081012215","1000","4","ContextualBandit-v2","1000",""
"conbandit_combi1_0__3__2025-06-18_14-09","10","103.6042294224612","1000","3","ContextualBandit-v2","1000",""
"conbandit_combi1_0__2__2025-06-18_14-09","10","149.94748705825384","1000","2","ContextualBandit-v2","1000",""
"conbandit_combi1_0__1__2025-06-18_14-09","10","155.10649919034057","1000","1","ContextualBandit-v2","1000",""
"conbandit_combi1_0__0__2025-06-18_14-09","10","99.47501558224694","1000","0","ContextualBandit-v2","1000",""
"conbandit_combi1_0__5__2025-06-18_14-08","10","62.503551745737255","1000","5","ContextualBandit-v2","500",""
"conbandit_combi1_0__4__2025-06-18_14-08","10","226.68987593325693","1000","4","ContextualBandit-v2","500",""
"conbandit_combi1_0__3__2025-06-18_14-08","10","93.30939050432043","1000","3","ContextualBandit-v2","500",""
"conbandit_combi1_0__2__2025-06-18_14-08","10","147.74703383059935","1000","2","ContextualBandit-v2","500",""
"conbandit_combi1_0__1__2025-06-18_14-07","10","152.43715335851022","1000","1","ContextualBandit-v2","500",""
"conbandit_combi1_0__0__2025-06-18_14-07","10","72.66466702018803","1000","0","ContextualBandit-v2","500",""
"conbandit_combi1_0__5__2025-06-18_13-56","5","27.56862449645996","1000","5","NNBandit-v0","2000",""
"conbandit_combi1_0__4__2025-06-18_13-56","5","43.420257568359375","1000","4","NNBandit-v0","2000",""
"conbandit_combi1_0__3__2025-06-18_13-55","5","60.538429260253906","1000","3","NNBandit-v0","2000",""
"conbandit_combi1_0__2__2025-06-18_13-55","5","30.823652267456055","1000","2","NNBandit-v0","2000",""
"conbandit_combi1_0__1__2025-06-18_13-55","5","20.067081451416016","1000","1","NNBandit-v0","2000",""
"conbandit_combi1_0__0__2025-06-18_13-55","5","47.47929763793945","1000","0","NNBandit-v0","2000",""
"conbandit_combi1_0__5__2025-06-18_13-55","5","27.569339752197266","1000","5","NNBandit-v0","1500",""
"conbandit_combi1_0__4__2025-06-18_13-55","5","43.49904251098633","1000","4","NNBandit-v0","1500",""
"conbandit_combi1_0__3__2025-06-18_13-54","5","60.524147033691406","1000","3","NNBandit-v0","1500",""
"conbandit_combi1_0__2__2025-06-18_13-54","5","30.823652267456055","1000","2","NNBandit-v0","1500",""
"conbandit_combi1_0__1__2025-06-18_13-54","5","20.067081451416016","1000","1","NNBandit-v0","1500",""
"conbandit_combi1_0__0__2025-06-18_13-54","5","47.36220932006836","1000","0","NNBandit-v0","1500",""
"conbandit_combi1_0__5__2025-06-18_13-54","5","27.66311264038086","1000","5","NNBandit-v0","1000",""
"conbandit_combi1_0__4__2025-06-18_13-54","5","43.494178771972656","1000","4","NNBandit-v0","1000",""
"conbandit_combi1_0__3__2025-06-18_13-53","5","60.70367813110352","1000","3","NNBandit-v0","1000",""
"conbandit_combi1_0__2__2025-06-18_13-53","5","30.865093231201172","1000","2","NNBandit-v0","1000",""
"conbandit_combi1_0__1__2025-06-18_13-53","5","20.167621612548828","1000","1","NNBandit-v0","1000",""
"conbandit_combi1_0__0__2025-06-18_13-53","5","46.98091125488281","1000","0","NNBandit-v0","1000",""
"conbandit_combi1_0__5__2025-06-18_13-53","5","27.669601440429688","1000","5","NNBandit-v0","500",""
"conbandit_combi1_0__4__2025-06-18_13-52","5","43.357330322265625","1000","4","NNBandit-v0","500",""
"conbandit_combi1_0__3__2025-06-18_13-52","5","59.2009391784668","1000","3","NNBandit-v0","500",""
"conbandit_combi1_0__2__2025-06-18_13-52","5","30.388933181762695","1000","2","NNBandit-v0","500",""
"conbandit_combi1_0__1__2025-06-18_13-52","5","20.229093551635746","1000","1","NNBandit-v0","500",""
"conbandit_combi1_0__0__2025-06-18_13-52","5","43.60444641113281","1000","0","NNBandit-v0","500",""
"conbandit_combi1_0__5__2025-06-18_13-51","5","81.79752059193754","1000","5","ContextualBandit-v2","2000",""
"conbandit_combi1_0__4__2025-06-18_13-51","5","247.4292390789415","1000","4","ContextualBandit-v2","2000",""
"conbandit_combi1_0__3__2025-06-18_13-51","5","119.12787753488784","1000","3","ContextualBandit-v2","2000",""
"conbandit_combi1_0__2__2025-06-18_13-51","5","145.6078811466479","1000","2","ContextualBandit-v2","2000",""
"conbandit_combi1_0__1__2025-06-18_13-50","5","151.18239979965372","1000","1","ContextualBandit-v2","2000",""
"conbandit_combi1_0__0__2025-06-18_13-50","5","125.11841444483665","1000","0","ContextualBandit-v2","2000",""
"conbandit_combi1_0__5__2025-06-18_13-50","5","81.62036929789816","1000","5","ContextualBandit-v2","1500",""
"conbandit_combi1_0__4__2025-06-18_13-49","5","246.11111934802855","1000","4","ContextualBandit-v2","1500",""
"conbandit_combi1_0__3__2025-06-18_13-49","5","118.59435052495454","1000","3","ContextualBandit-v2","1500",""
"conbandit_combi1_0__2__2025-06-18_13-49","5","145.97814476398864","1000","2","ContextualBandit-v2","1500",""
"conbandit_combi1_0__1__2025-06-18_13-49","5","150.51179437973192","1000","1","ContextualBandit-v2","1500",""
"conbandit_combi1_0__0__2025-06-18_13-48","5","122.00463228653322","1000","0","ContextualBandit-v2","1500",""
"conbandit_combi1_0__5__2025-06-18_13-48","5","81.2799263678692","1000","5","ContextualBandit-v2","1000",""
"conbandit_combi1_0__4__2025-06-18_13-48","5","237.5419156414116","1000","4","ContextualBandit-v2","1000",""
"conbandit_combi1_0__3__2025-06-18_13-48","5","104.52918531384664","1000","3","ContextualBandit-v2","1000",""
"conbandit_combi1_0__2__2025-06-18_13-47","5","146.17329132772025","1000","2","ContextualBandit-v2","1000",""
"conbandit_combi1_0__1__2025-06-18_13-47","5","150.4621105556509","1000","1","ContextualBandit-v2","1000",""
"conbandit_combi1_0__0__2025-06-18_13-47","5","108.30724127547914","1000","0","ContextualBandit-v2","1000",""
"conbandit_combi1_0__5__2025-06-18_13-47","5","70.15110722427158","1000","5","ContextualBandit-v2","500",""
"conbandit_combi1_0__4__2025-06-18_13-46","5","214.6587753924452","1000","4","ContextualBandit-v2","500",""
"conbandit_combi1_0__3__2025-06-18_13-46","5","91.0596065502434","1000","3","ContextualBandit-v2","500",""
"conbandit_combi1_0__2__2025-06-18_13-46","5","147.93046751350423","1000","2","ContextualBandit-v2","500",""
"conbandit_combi1_0__1__2025-06-18_13-46","5","148.20864003517647","1000","1","ContextualBandit-v2","500",""
"conbandit_combi1_0__0__2025-06-18_13-45","5","80.58190297479855","1000","0","ContextualBandit-v2","500",""
"conbandit_combi1_0__5__2025-06-18_13-35","2","34.12000274658203","1000","5","NNBandit-v0","2000",""
"conbandit_combi1_0__4__2025-06-18_13-34","2","66.14071655273438","1000","4","NNBandit-v0","2000",""
"conbandit_combi1_0__3__2025-06-18_13-34","2","74.01463317871094","1000","3","NNBandit-v0","2000",""
"conbandit_combi1_0__2__2025-06-18_13-34","2","46.471649169921875","1000","2","NNBandit-v0","2000",""
"conbandit_combi1_0__1__2025-06-18_13-34","2","27.6177921295166","1000","1","NNBandit-v0","2000",""
"conbandit_combi1_0__0__2025-06-18_13-34","2","68.97815704345703","1000","0","NNBandit-v0","2000",""
"conbandit_combi1_0__5__2025-06-18_13-34","2","34.07652282714844","1000","5","NNBandit-v0","1500",""
"conbandit_combi1_0__4__2025-06-18_13-33","2","66.10667419433594","1000","4","NNBandit-v0","1500",""
"conbandit_combi1_0__3__2025-06-18_13-33","2","74.03656768798828","1000","3","NNBandit-v0","1500",""
"conbandit_combi1_0__2__2025-06-18_13-33","2","46.471649169921875","1000","2","NNBandit-v0","1500",""
"conbandit_combi1_0__1__2025-06-18_13-33","2","27.555688858032227","1000","1","NNBandit-v0","1500",""
"conbandit_combi1_0__0__2025-06-18_13-32","2","68.79940795898438","1000","0","NNBandit-v0","1500",""
"conbandit_combi1_0__5__2025-06-18_13-32","2","34.29206085205078","1000","5","NNBandit-v0","1000",""
"conbandit_combi1_0__4__2025-06-18_13-32","2","65.7174301147461","1000","4","NNBandit-v0","1000",""
"conbandit_combi1_0__3__2025-06-18_13-32","2","74.1058578491211","1000","3","NNBandit-v0","1000",""
"conbandit_combi1_0__2__2025-06-18_13-32","2","46.18949890136719","1000","2","NNBandit-v0","1000",""
"conbandit_combi1_0__1__2025-06-18_13-31","2","27.970691680908203","1000","1","NNBandit-v0","1000",""
"conbandit_combi1_0__0__2025-06-18_13-31","2","66.67658996582031","1000","0","NNBandit-v0","1000",""
"conbandit_combi1_0__5__2025-06-18_13-31","2","34.8960075378418","1000","5","NNBandit-v0","500",""
"conbandit_combi1_0__4__2025-06-18_13-31","2","65.38789367675781","1000","4","NNBandit-v0","500",""
"conbandit_combi1_0__3__2025-06-18_13-31","2","72.84175872802734","1000","3","NNBandit-v0","500",""
"conbandit_combi1_0__2__2025-06-18_13-31","2","45.865474700927734","1000","2","NNBandit-v0","500",""
"conbandit_combi1_0__1__2025-06-18_13-30","2","29.80548667907715","1000","1","NNBandit-v0","500",""
"conbandit_combi1_0__0__2025-06-18_13-30","2","64.9836654663086","1000","0","NNBandit-v0","500",""
"conbandit_combi1_0__5__2025-06-18_13-30","2","96.23073300342035","1000","5","ContextualBandit-v2","2000",""
"conbandit_combi1_0__4__2025-06-18_13-30","2","256.65035554511695","1000","4","ContextualBandit-v2","2000",""
"conbandit_combi1_0__3__2025-06-18_13-29","2","136.11846515325414","1000","3","ContextualBandit-v2","2000",""
"conbandit_combi1_0__2__2025-06-18_13-29","2","151.6451034280452","1000","2","ContextualBandit-v2","2000",""
"conbandit_combi1_0__1__2025-06-18_13-29","2","161.7393317595132","1000","1","ContextualBandit-v2","2000",""
"conbandit_combi1_0__0__2025-06-18_13-29","2","140.50589825167006","1000","0","ContextualBandit-v2","2000",""
"conbandit_combi1_0__5__2025-06-18_13-28","2","96.15065712869544","1000","5","ContextualBandit-v2","1500",""
"conbandit_combi1_0__4__2025-06-18_13-28","2","254.7781621624825","1000","4","ContextualBandit-v2","1500",""
"conbandit_combi1_0__3__2025-06-18_13-28","2","136.1095259785133","1000","3","ContextualBandit-v2","1500",""
"conbandit_combi1_0__2__2025-06-18_13-28","2","151.46251900081305","1000","2","ContextualBandit-v2","1500",""
"conbandit_combi1_0__1__2025-06-18_13-27","2","161.57580010531876","1000","1","ContextualBandit-v2","1500",""
"conbandit_combi1_0__0__2025-06-18_13-27","2","138.38178665382182","1000","0","ContextualBandit-v2","1500",""
"conbandit_combi1_0__5__2025-06-18_13-27","2","88.37270873713491","1000","5","ContextualBandit-v2","1000",""
"conbandit_combi1_0__4__2025-06-18_13-26","2","251.2151381695826","1000","4","ContextualBandit-v2","1000",""
"conbandit_combi1_0__3__2025-06-18_13-26","2","129.09386381301215","1000","3","ContextualBandit-v2","1000",""
"conbandit_combi1_0__2__2025-06-18_13-26","2","155.40968608108938","1000","2","ContextualBandit-v2","1000",""
"conbandit_combi1_0__1__2025-06-18_13-26","2","161.12523274742696","1000","1","ContextualBandit-v2","1000",""
"conbandit_combi1_0__0__2025-06-18_13-25","2","119.58110763128836","1000","0","ContextualBandit-v2","1000",""
"conbandit_combi1_0__5__2025-06-18_13-25","2","78.31911751203995","1000","5","ContextualBandit-v2","500",""
"conbandit_combi1_0__4__2025-06-18_13-25","2","234.2113842011335","1000","4","ContextualBandit-v2","500",""
"conbandit_combi1_0__3__2025-06-18_13-25","2","101.30817401128976","1000","3","ContextualBandit-v2","500",""
"conbandit_combi1_0__2__2025-06-18_13-24","2","149.3102960860851","1000","2","ContextualBandit-v2","500",""
"conbandit_combi1_0__1__2025-06-18_13-24","2","154.66280924347132","1000","1","ContextualBandit-v2","500",""
"conbandit_combi1_0__0__2025-06-18_13-24","2","94.81355020839416","1000","0","ContextualBandit-v2","500",""